{"cameraMode":{"drawMode":0,"name":"Shaded","section":"Shading Mode"},"sceneLighting":true,"audioPlay":false,"sceneViewState":{"showFog":true,"showMaterialUpdate":true,"showSkybox":false,"showFlares":true,"showImageEffects":true,"showParticleSystems":true},"in2DMode":false,"pivot":{"x":170.04647827148438,"y":242.76141357421876,"z":284.2229919433594},"rotation":{"x":-0.08835151791572571,"y":0.02718634158372879,"z":-0.0024123534094542267,"w":-0.9957154393196106},"size":539.6375732421875,"orthographic":false}